category_new,family,main_product,platform,base,model,makita_subcategory,makita_name,spec,difference_from_similar_models,url
Concrete & Demolition Power Tools,rotary-combination-hammers,Combination Hammer LXT,Cordless 18V LXT,DHR182,DHR182ZWJU,Combination Hammer,Combination Hammer LXT,"18V LXT • SDS-PLUS • 18 mm • 1,7 J",,https://makita.co.tz/product/combination-hammer-lxt-dhr182zwju/
Concrete & Demolition Power Tools,rotary-combination-hammers,Combination Hammer LXT,Cordless 18V LXT,DHR202,DHR202RFJ,Combination Hammer,Combination Hammer LXT,"18V LXT • SDS-PLUS • 20 mm • 1,9 J",,https://makita.co.tz/product/combination-hammer-lxt-dhr202rfj/
Concrete & Demolition Power Tools,rotary-combination-hammers,Combination Hammer LXT,Cordless 18V LXT,DHR202,DHR202RTJ,Combination Hammer,Combination Hammer LXT,"18V LXT • SDS-PLUS • 20 mm • 1,9 J",,https://makita.co.tz/product/combination-hammer-lxt-dhr202rtj/
Concrete & Demolition Power Tools,rotary-combination-hammers,Combination Hammer LXT,Cordless 18V LXT,DHR242,DHR242RFJ,Combination Hammer,Combination Hammer LXT,"18V LXT • SDS-PLUS • 24 mm • 2,0 J",,https://makita.co.tz/product/combination-hammer-lxt-dhr242rfj/
Concrete & Demolition Power Tools,rotary-combination-hammers,Combination Hammer LXT,Cordless 18V LXT,DHR242,DHR242RTJ,Combination Hammer,Combination Hammer LXT,"18V LXT • SDS-PLUS • 24 mm • 2,0 J",,https://makita.co.tz/product/combination-hammer-lxt-dhr242rtj/
Concrete & Demolition Power Tools,rotary-combination-hammers,Combination Hammer LXT,Cordless 18V LXT,DHR242,DHR242Z,Combination Hammer,Combination Hammer LXT,"18V LXT • SDS-PLUS • 24 mm • 2,0 J",,https://makita.co.tz/product/combination-hammer-lxt-dhr242z/
Concrete & Demolition Power Tools,rotary-combination-hammers,Combination Hammer LXT,Cordless 18V LXT,DHR263,DHR263RF2,Combination Hammer,Combination Hammer LXT,"36V (18Vx2) LXT • SDS-PLUS • 26 mm • 3,0 J",,https://makita.co.tz/product/combination-hammer-lxt-dhr263rf2/
Concrete & Demolition Power Tools,rotary-combination-hammers,Combination Hammer LXT,Cordless 18V LXT,DHR263,DHR263Z,Combination Hammer,Combination Hammer LXT,"36V (18Vx2) LXT • SDS-PLUS • 26 mm • 3,0 J",,https://makita.co.tz/product/combination-hammer-lxt-dhr263z/
Concrete & Demolition Power Tools,rotary-combination-hammers,Combination Hammer LXT,Cordless 18V LXT,DHR280,DHR280PT2J,Combination Hammer,Combination Hammer LXT,"36V (18Vx2) LXT • SDS-PLUS • 28 mm • 3,2 J","Base model: anti-vibration (AVT), standard chuck",https://makita.co.tz/product/combination-hammer-lxt-dhr280pt2j/
Concrete & Demolition Power Tools,rotary-combination-hammers,Combination Hammer LXT,Cordless 18V LXT,DHR280,DHR280ZJ,Combination Hammer,Combination Hammer LXT,"36V (18Vx2) LXT • SDS-PLUS • 28 mm • 3,2 J","Base model: anti-vibration (AVT), standard chuck",https://makita.co.tz/product/combination-hammer-lxt-dhr280zj/
Concrete & Demolition Power Tools,rotary-combination-hammers,Combination Hammer LXT,Cordless 18V LXT,DHR281,DHR281PT2J,Combination Hammer,Combination Hammer LXT,"36V (18Vx2) LXT • SDS-PLUS • 28 mm • 3,2 J",Adds quick-change chuck,https://makita.co.tz/product/combination-hammer-lxt-dhr281pt2j/
Concrete & Demolition Power Tools,rotary-combination-hammers,Combination Hammer LXT,Cordless 18V LXT,DHR281,DHR281ZJ,Combination Hammer,Combination Hammer LXT,"36V (18Vx2) LXT • SDS-PLUS • 28 mm • 3,2 J",Adds quick-change chuck,https://makita.co.tz/product/combination-hammer-lxt-dhr281zj/
Concrete & Demolition Power Tools,rotary-combination-hammers,Combination Hammer LXT,Cordless 18V LXT,DHR283,DHR283ZJ,Combination Hammer,Combination Hammer LXT,"36V (18Vx2) LXT • SDS-PLUS • 28 mm • 3,2 J",Quick-change chuck + AWS wireless dust-extractor start,https://makita.co.tz/product/combination-hammer-lxt-dhr283zj/
Concrete & Demolition Power Tools,rotary-combination-hammers,Combination Hammer XGT,Cordless 40V XGT,HR002G,HR002GM201,Combination Hammer,Combination Hammer XGT,"40V MAX XGT • SDS-PLUS • 28 mm • 3,2 J",AVT + AFT + AWS wireless dust-extractor start,https://makita.co.tz/product/combination-hammer-xgt-hr002gm201/
Concrete & Demolition Power Tools,rotary-combination-hammers,Combination Hammer XGT,Cordless 40V XGT,HR002G,HR002GZ01,Combination Hammer,Combination Hammer XGT,"40V MAX XGT • SDS-PLUS • 28 mm • 3,2 J",AVT + AFT + AWS wireless dust-extractor start,https://makita.co.tz/product/combination-hammer-xgt-hr002gz01/
Concrete & Demolition Power Tools,rotary-combination-hammers,Combination Hammer XGT,Cordless 40V XGT,HR003G,HR003GM201,Combination Hammer,Combination Hammer XGT,"40V MAX XGT • SDS-PLUS • 28 mm • 3,2 J",AVT; kit includes dust extraction system,https://makita.co.tz/product/combination-hammer-xgt-hr003gm201/
Concrete & Demolition Power Tools,rotary-combination-hammers,Combination Hammer XGT,Cordless 40V XGT,HR003G,HR003GZ01,Combination Hammer,Combination Hammer XGT,"40V MAX XGT • SDS-PLUS • 28 mm • 3,2 J",AVT; kit includes dust extraction system,https://makita.co.tz/product/combination-hammer-xgt-hr003gz01/
Concrete & Demolition Power Tools,rotary-combination-hammers,Combination Hammer XGT,Cordless 40V XGT,HR007G,HR007GM201,Combination Hammer,Combination Hammer XGT,"40V MAX XGT • SDS–PLUS • 54 mm • 3,0 J",,https://makita.co.tz/product/combination-hammer-xgt-hr007gm201/
Concrete & Demolition Power Tools,rotary-combination-hammers,Combination Hammer XGT,Cordless 40V XGT,HR007G,HR007GZ,Combination Hammer,Combination Hammer XGT,"40V MAX XGT • SDS–PLUS • 54 mm • 3,0 J",,https://makita.co.tz/product/combination-hammer-xgt-hr007gz/
Concrete & Demolition Power Tools,rotary-combination-hammers,Combination Hammer XGT,Cordless 40V XGT,HR007G,HR007GZ01,Combination Hammer,Combination Hammer XGT,"40V MAX XGT • SDS–PLUS • 54 mm • 3,0 J",,https://makita.co.tz/product/combination-hammer-xgt-hr007gz01/
Concrete & Demolition Power Tools,rotary-combination-hammers,Combination Hammer XGT,Cordless 40V XGT,HR008G,HR008GM201,Combination Hammer,Combination Hammer XGT,"40V MAX XGT • SDS–PLUS • 30 mm • 3,9 J",,https://makita.co.tz/product/combination-hammer-xgt-hr008gm201/
Concrete & Demolition Power Tools,rotary-combination-hammers,Combination Hammer XGT,Cordless 40V XGT,HR008G,HR008GZ01,Combination Hammer,Combination Hammer XGT,"40V MAX XGT • SDS–PLUS • 30 mm • 3,9 J",,https://makita.co.tz/product/combination-hammer-xgt-hr008gz01/
Concrete & Demolition Power Tools,rotary-combination-hammers,Combination Hammer XGT,Cordless 40V XGT,HR010G,HR010GD201,Combination Hammer,Combination Hammer XGT,"40V MAX XGT • SDS-PLUS • 20 mm • 2,0 J",,https://makita.co.tz/product/combination-hammer-xgt-hr010gd201/
Concrete & Demolition Power Tools,rotary-combination-hammers,Combination Hammer XGT,Cordless 40V XGT,HR010G,HR010GZ,Combination Hammer,Combination Hammer XGT,"40V MAX XGT • SDS-PLUS • 20 mm • 2,0 J",,https://makita.co.tz/product/combination-hammer-xgt-hr010gz/
Concrete & Demolition Power Tools,rotary-combination-hammers,Combination Hammer,Corded,HR2475,HR2475,Combination Hammer,Combination Hammer,"780 W • SDS-Plus • 24 mm • 2,7 J",,https://makita.co.tz/product/combination-hammer-hr2475/
Concrete & Demolition Power Tools,rotary-combination-hammers,Combination Hammer,Corded,HR2600,HR2600,Combination Hammer,Combination Hammer,"800 W • SDS-Plus • 26 mm • 2,9 J",2 modes (no chiselling),https://makita.co.tz/product/combination-hammer-hr2600/
Concrete & Demolition Power Tools,rotary-combination-hammers,Combination Hammer,Corded,HR2611,HR2611F,Combination Hammer,Combination Hammer,"800 W • SDS-Plus • 26 mm • 2,9 J",3 modes + AVT + job light (older AVT model; check if still current),https://makita.co.tz/product/combination-hammer-hr2611f/
Concrete & Demolition Power Tools,rotary-combination-hammers,Combination Hammer,Corded,HR2630,HR2630,Combination Hammer,Combination Hammer,"800 W • SDS-Plus • 26 mm • 2,9 J",3 modes (adds chiselling),https://makita.co.tz/product/combination-hammer-hr2630/
Concrete & Demolition Power Tools,rotary-combination-hammers,Combination Hammer,Corded,HR2630,HR2630T,Combination Hammer,Combination Hammer,"800 W • SDS-Plus • 26 mm • 2,9 J",3 modes (adds chiselling),https://makita.co.tz/product/combination-hammer-hr2630t/
Concrete & Demolition Power Tools,rotary-combination-hammers,Combination Hammer,Corded,HR2631,HR2631F,Combination Hammer,Combination Hammer,"800 W • SDS-Plus • 26 mm • 2,9 J",3 modes + AVT + job light,https://makita.co.tz/product/combination-hammer-hr2631f/
Concrete & Demolition Power Tools,rotary-combination-hammers,Combination Hammer,Corded,HR2631,HR2631FT,Combination Hammer,Combination Hammer,"800 W • SDS-Plus • 26 mm • 2,9 J",3 modes + AVT + job light,https://makita.co.tz/product/combination-hammer-hr2631ft/
Concrete & Demolition Power Tools,rotary-combination-hammers,Combination Hammer,Corded,HR2661,HR2661,Combination Hammer,Combination Hammer,"800 W • SDS-Plus • 26 mm • 2,9 J",AVT + built-in HEPA dust collection + quick-change chuck,https://makita.co.tz/product/combination-hammer-hr2661/
Concrete & Demolition Power Tools,rotary-combination-hammers,Combination Hammer,Corded,HR2810,HR2810,Combination Hammer,Combination Hammer,"800 W • SDS-Plus • 28 mm • 2,9 J",,https://makita.co.tz/product/combination-hammer-hr2810/
Concrete & Demolition Power Tools,rotary-combination-hammers,Combination Hammer,Corded,HR3200,HR3200C,Combination Hammer,Combination Hammer,"850 W • SDS-Plus • 32 mm • 5,5 J",AVT + quick-change chuck,https://makita.co.tz/product/combination-hammer-hr3200c/
Concrete & Demolition Power Tools,rotary-combination-hammers,Combination Hammer,Corded,HR3210,HR3210C,Combination Hammer,Combination Hammer,"850 W • SDS-Plus • 32 mm • 5,5 J","Standard chuck, no AVT stated",https://makita.co.tz/product/combination-hammer-hr3210c/
Concrete & Demolition Power Tools,rotary-combination-hammers,Combination Hammer,Corded,HR3541,HR3541FC,Combination Hammer,Combination Hammer,"850 W • SDS-Max • 35 mm • 6,3 J",,https://makita.co.tz/product/combination-hammer-hr3541fc/
Concrete & Demolition Power Tools,demolition-hammers-breakers,Demolition Hammer XGT,Cordless 40V XGT,HM001G,HM001GM202,Demolition Hammer,Demolition hammer XGT,"40V MAX XGT • SDS–MAX • 18 mm • 9,4 J",,https://makita.co.tz/product/demolition-hammer-xgt-hm001gm202/
Concrete & Demolition Power Tools,demolition-hammers-breakers,Demolition Hammer XGT,Cordless 40V XGT,HM001G,HM001GZ,Demolition Hammer,Demolition hammer XGT,"40V MAX XGT • SDS–MAX • 18 mm • 9,4 J",,https://makita.co.tz/product/demolition-hammer-xgt-hm001gz/
Concrete & Demolition Power Tools,demolition-hammers-breakers,Demolition Hammer XGT,Cordless 40V XGT,HM002G,HM002GZ03,Demolition Hammer,Demolition hammer XGT,80V MAX (40Vx2) XGT • SDS–MAX • 18 mm • 20.9 J,,https://makita.co.tz/product/demolition-hammer-xgt-hm002gz03/
Concrete & Demolition Power Tools,demolition-hammers-breakers,Electric Breaker XGT,Cordless 40V XGT,HM004G,HM004GZ01,Demolition Hammer,Electric Breaker XGT,80V • 72.8J • 28.6mm • 870 min⁻¹,,https://makita.co.tz/product/electric-breaker-xgt-hm004g01/
Concrete & Demolition Power Tools,demolition-hammers-breakers,Demolition Hammer,Corded,HM0810,HM0810T,Demolition Hammer,Demolition Hammer,"900 W • 17 mm • 7,6 J",,https://makita.co.tz/product/demolition-hammer-hm0810t/
Concrete & Demolition Power Tools,demolition-hammers-breakers,Demolition Hammer,Corded,HM0870,HM0870C,Demolition Hammer,Demolition Hammer,"1 100 W • SDS-MAX • 11,4 J",,https://makita.co.tz/product/demolition-hammer-hm0870c/
Concrete & Demolition Power Tools,demolition-hammers-breakers,Demolition Hammer,Corded,HM0871,HM0871C,Demolition Hammer,Demolition Hammer,"1 100 W • SDS-MAX • 11,6 J",,https://makita.co.tz/product/demolition-hammer-hm0871c/
Concrete & Demolition Power Tools,demolition-hammers-breakers,Demolition Hammer,Corded,HM1101,HM1101C,Demolition Hammer,Demolition Hammer,1 300 W • SDS-Max • 17 J,Standard,https://makita.co.tz/product/demolition-hammer-hm1101c/
Concrete & Demolition Power Tools,demolition-hammers-breakers,Demolition Hammer,Corded,HM1111,HM1111C,Demolition Hammer,Demolition Hammer,1 300 W • SDS-Max • 17 J,Adds AVT anti-vibration,https://makita.co.tz/product/demolition-hammer-hm1111c/
Concrete & Demolition Power Tools,demolition-hammers-breakers,Demolition Hammer,Corded,HM1201,HM1201,Demolition Hammer,Demolition Hammer,1 130 W • 21 mm • 13 J,,https://makita.co.tz/product/demolition-hammer-hm1201/
Concrete & Demolition Power Tools,demolition-hammers-breakers,Demolition Hammer,Corded,HM1203,HM1203C,Demolition Hammer,Demolition Hammer,"1 510 W • SDS-Max • 25,5 J",Standard,https://makita.co.tz/product/demolition-hammer-hm1203c/
Concrete & Demolition Power Tools,demolition-hammers-breakers,Demolition Hammer,Corded,HM1213,HM1213C,Demolition Hammer,Demolition Hammer,"1 510 W • SDS-Max • 25,5 J",Adds AVT anti-vibration,https://makita.co.tz/product/demolition-hammer-hm1213c/
Concrete & Demolition Power Tools,demolition-hammers-breakers,Demolition Hammer,Corded,HM1214,HM1214C,Demolition Hammer,Demolition Hammer,1 510 W • SDS-Max • 26 J,,https://makita.co.tz/product/demolition-hammer-hm1214c/
Concrete & Demolition Power Tools,demolition-hammers-breakers,Demolition Hammer,Corded,HM1307,HM1307C,Demolition Hammer,Demolition Hammer,"1 510 W • 30 mm • 33,8 J",Standard,https://makita.co.tz/product/demolition-hammer-hm1307c/
Concrete & Demolition Power Tools,demolition-hammers-breakers,Demolition Hammer,Corded,HM1317,HM1317C,Demolition Hammer,Demolition Hammer,"1 510 W • 30 mm • 33,8 J",Adds AVT anti-vibration,https://makita.co.tz/product/demolition-hammer-hm1317c/
Concrete & Demolition Power Tools,demolition-hammers-breakers,Electric Breaker,Corded,HM1511,HM1511,Demolition Hammer,Electric breaker,1 850 W • 30 mm • 1 300 minˉ¹,,https://makita.co.tz/product/electric-breaker-hm1511/
Concrete & Demolition Power Tools,demolition-hammers-breakers,Electric Breaker,Corded,HM1802,HM1802,Demolition Hammer,Electric Breaker,"2 000 W • 1 – 1/8″ • 71,4 J",,https://makita.co.tz/product/electric-breaker-hm1802/
Concrete & Demolition Power Tools,demolition-hammers-breakers,Electric Breaker,Corded,HM1812,HM1812,Demolition Hammer,Electric Breaker,"2 000 W • 1 – 1/8″ • 72,8 J",,https://makita.co.tz/product/electric-breaker-hm1812/
Concrete & Demolition Power Tools,power-cutters,Power Cutter LXT,Cordless 18V LXT,DCE090,DCE090P2X1,Power Cutter,Power Cutter LXT,36V (18Vx2) LXT • 230 mm,,https://makita.co.tz/product/power-cutter-lxt-dce090p2x1/
Concrete & Demolition Power Tools,power-cutters,Power Cutter LXT,Cordless 18V LXT,DCE090,DCE090ZX1,Power Cutter,Power Cutter LXT,36V (18Vx2) LXT • 230 mm,,https://makita.co.tz/product/power-cutter-lxt-dce090zx1/
Concrete & Demolition Power Tools,power-cutters,Power Cutter XGT,Cordless 40V XGT,CE001G,CE001GZ,Power Cutter,Power Cutter XGT,80V MAX (40Vx2) XGT • BL • 355mm • Wet &,,https://makita.co.tz/product/power-cutter-xgt-ce001gz/
Concrete & Demolition Power Tools,power-cutters,Power Cutter XGT,Cordless 40V XGT,CE002G,CE002GZ,Power Cutter,Power Cutter XGT,80V MAX (40Vx2) XGT • BL • 355mm • Dry 80Vmax 355mm (14″),,https://makita.co.tz/product/power-cutter-xgt-ce002gz/
Concrete & Demolition Power Tools,power-cutters,Power Cutter,Petrol,EK7301,EK7301WS,Power Cutter,Power Cutter,"73 cm3 • 3,8 kW • 355 mm",,https://makita.co.tz/product/power-cutter-ek7301ws/
Concrete & Demolition Power Tools,power-cutters,Power Cutter,Petrol,EK7651,EK7651HX1,Power Cutter,Power Cutter,"75 cm3 • 3,0 kW • 350 mm",,https://makita.co.tz/product/power-cutter-ek7651hx1/
Concrete & Demolition Power Tools,power-cutters,Power Cutter,Petrol,EK8100,EK8100WS,Power Cutter,Power Cutter,"81 cm³ • 4,2 kW • 400 mm",,https://makita.co.tz/product/power-cutter-ek8100ws/
Concrete & Demolition Power Tools,concrete-planers-power-scrapers,Power Scraper LXT,Cordless 18V LXT,DHK180,DHK180ZJ,Power Scraper,Power Scraper LXT,18V LXT • SDS-PLUS • 3.1 J,,https://makita.co.tz/product/power-scraper-lxt-dhk180zj/
Concrete & Demolition Power Tools,concrete-planers-power-scrapers,Power Scraper,Corded,HK1820,HK1820,Power Scraper,Power Scraper,"550 W • SDS-Plus • 3,9 J",,https://makita.co.tz/product/power-scraper-hk1820/
Concrete & Demolition Power Tools,rotary-combination-hammers,Rotary Hammer LXT,Cordless 18V LXT,DHR171,DHR171RFJ,Rotary Hammer,Rotary Hammer LXT,"18V LXT • SDS-PLUS • 17 mm • 1,2 J",,https://makita.co.tz/product/rotary-hammer-lxt-dhr171rfj/
Concrete & Demolition Power Tools,rotary-combination-hammers,Rotary Hammer LXT,Cordless 18V LXT,DHR171,DHR171Z,Rotary Hammer,Rotary Hammer LXT,"18V LXT • SDS-PLUS • 17 mm • 1,2 J",,https://makita.co.tz/product/rotary-hammer-lxt-dhr171z/
Concrete & Demolition Power Tools,rotary-combination-hammers,Rotary Hammer LXT,Cordless 18V LXT,DHR183,DHR183RTWJ,Rotary Hammer,Rotary Hammer LXT,"18V LXT • SDS-PLUS • 18 mm • 1,7 J",,https://makita.co.tz/product/rotary-hammer-lxt-dhr183rtwj/
Concrete & Demolition Power Tools,rotary-combination-hammers,Rotary Hammer LXT,Cordless 18V LXT,DHR183,DHR183Z,Rotary Hammer,Rotary Hammer LXT,"18V LXT • SDS-PLUS • 18 mm • 1,7 J",,https://makita.co.tz/product/rotary-hammer-lxt-dhr183z/
Concrete & Demolition Power Tools,rotary-combination-hammers,Rotary Hammer LXT,Cordless 18V LXT,DHR400,DHR400ZKUN,Rotary Hammer,Rotary Hammer LXT,"36V (18Vx2) LXT • SDS-MAX • 40 mm • 11,4 J",,https://makita.co.tz/product/rotary-hammer-lxt-dhr400zkun/
Concrete & Demolition Power Tools,rotary-combination-hammers,Rotary Hammer XGT,Cordless 40V XGT,HR005G,HR005GZ01,Rotary Hammer,Rotary hammer XGT,"40V MAX XGT • SDS-PLUS • 40 mm • 8,0 J",,https://makita.co.tz/product/rotary-hammer-xgt-hr005gz01/
Concrete & Demolition Power Tools,rotary-combination-hammers,Rotary Hammer XGT,Cordless 40V XGT,HR006G,HR006GZ,Rotary Hammer,Rotary hammer XGT,80V MAX (40Vx2) XGT • SDS–MAX • 52 mm • 21.4 J,,https://makita.co.tz/product/rotary-hammer-xgt-hr006gz/
Concrete & Demolition Power Tools,rotary-combination-hammers,Rotary Hammer,Corded,HR1841,HR1841FJ,Rotary Hammer,Rotary Hammer,"470 W • SDS-Plus • 18 mm • 1,4 J",,https://makita.co.tz/product/rotary-hammer-hr1841fj/
Concrete & Demolition Power Tools,rotary-combination-hammers,Rotary Hammer,Corded,HR2010,HR2010,Rotary Hammer,Rotary Hammer,"600 W • SDS-Plus • 20 mm • 1,7 J",,https://makita.co.tz/product/rotary-hammer-hr2010/
Concrete & Demolition Power Tools,rotary-combination-hammers,Rotary Hammer,Corded,HR2020,HR2020,Rotary Hammer,Rotary Hammer,"710 W • SDS-Plus • 20 mm • 2,2 J",,https://makita.co.tz/product/rotary-hammer-hr2020/
Concrete & Demolition Power Tools,rotary-combination-hammers,Rotary Hammer,Corded,HR2630,HR2630X7,Rotary Hammer,Rotary hammer,"800 W • SDS-PLUS • 26 mm • 2,4 J",3 modes (adds chiselling),https://makita.co.tz/product/rotary-hammer-hr2630x7/
Concrete & Demolition Power Tools,rotary-combination-hammers,Rotary Hammer,Corded,HR2663,HR2663,Rotary Hammer,Rotary Hammer SDS-PLUS,SDS-PLUS • 26 mm,,https://makita.co.tz/product/rotary-hamme-sds-plus-hr2663/
Concrete & Demolition Power Tools,rotary-combination-hammers,Rotary Hammer,Corded,HR3011,HR3011FCWJ,Rotary Hammer,Rotary Hammer,"1050 W • SDS-Plus • 30 mm • 3,6 J",Standard SDS-PLUS chuck,https://makita.co.tz/product/rotary-hammer-hr3011fcwj/
Concrete & Demolition Power Tools,rotary-combination-hammers,Rotary Hammer,Corded,HR3012,HR3012FCWJ,Rotary Hammer,Rotary Hammer,"1050 W • SDS-Plus • 30 mm • 3,6 J",Adds quick-change chuck,https://makita.co.tz/product/rotary-hammer-hr3012fcwj/
Concrete & Demolition Power Tools,rotary-combination-hammers,Rotary Hammer,Corded,HR3540,HR3540C,Rotary Hammer,Rotary Hammer,"850 W • SDS-Max • 35 mm • 6,3 J",,https://makita.co.tz/product/rotary-hammer-hr3540c/
Concrete & Demolition Power Tools,rotary-combination-hammers,Rotary Hammer,Corded,HR4001,HR4001C,Rotary Hammer,Rotary Hammer,"1 100 W • SDS-Max • 40 mm • 6,8 J",,https://makita.co.tz/product/rotary-hammer-hr4001c/
Concrete & Demolition Power Tools,rotary-combination-hammers,Rotary Hammer,Corded,HR4003,HR4003C,Rotary Hammer,Rotary Hammer,"1 100 W • SDS-Max • 40 mm • 8,3 J",,https://makita.co.tz/product/rotary-hammer-hr4003c/
Concrete & Demolition Power Tools,rotary-combination-hammers,Rotary Hammer,Corded,HR4013,HR4013C,Rotary Hammer,Rotary Hammer,"1 100 W • SDS-Max • 40 mm • 11,4 J",,https://makita.co.tz/product/rotary-hammer-hr4013c/
Concrete & Demolition Power Tools,rotary-combination-hammers,Rotary Hammer,Corded,HR4030,HR4030C,Rotary Hammer,Rotary Hammer,"1 100 W • 40 mm • 9,2 J",,https://makita.co.tz/product/rotary-hammer-hr4030c/
Concrete & Demolition Power Tools,rotary-combination-hammers,Rotary Hammer,Corded,HR4501,HR4501C,Rotary Hammer,Rotary Hammer,1 350 W • SDS-Max • 45 mm • 12.5 J,Standard,https://makita.co.tz/product/rotary-hammer-hr4501c/
Concrete & Demolition Power Tools,rotary-combination-hammers,Rotary Hammer,Corded,HR4511,HR4511C,Rotary Hammer,Rotary Hammer,1 350 W • SDS-Max • 45 mm • 12.5 J,Adds AVT anti-vibration,https://makita.co.tz/product/rotary-hammer-hr4511c/
Concrete & Demolition Power Tools,rotary-combination-hammers,Rotary Hammer,Corded,HR5202,HR5202C,Rotary Hammer,Rotary Hammer,1 510 W • SDS-Max • 52 mm • 21J,Standard,https://makita.co.tz/product/rotary-hammer-hr5202c/
Concrete & Demolition Power Tools,rotary-combination-hammers,Rotary Hammer,Corded,HR5212,HR5212C,Rotary Hammer,Rotary Hammer,1 510 W • SDS-Max • 52 mm • 21J,Adds AVT anti-vibration,https://makita.co.tz/product/rotary-hammer-hr5212c/
Concrete & Demolition Power Tools,wall-chasers-tile-cutters,Cutter CXT,Cordless 12V CXT,CC301D,CC301DWAE,Tile Cutter,Cutter CXT,"12V MAX • 1 600 min⁻¹ • 85 mm • 0,5 l",,https://makita.co.tz/product/cutter-cxt-cc301dwae/
Concrete & Demolition Power Tools,wall-chasers-tile-cutters,Cutter CXT,Cordless 12V CXT,CC301D,CC301DZ,Tile Cutter,Cutter CXT,"12V MAX • 1 600 min⁻¹ • 85 mm • 0,5 l",,https://makita.co.tz/product/cutter-cxt-cc301dz/
Concrete & Demolition Power Tools,wall-chasers-tile-cutters,Dustless Cutter LXT,Cordless 18V LXT,DCC501,DCC501RTJ,Tile Cutter,Dustless Cutter LXT,18V LXT • 125 mm • BL • AWS,,https://makita.co.tz/product/dustless-cutter-lxt-dcc501rtj/
Concrete & Demolition Power Tools,wall-chasers-tile-cutters,Dustless Cutter LXT,Cordless 18V LXT,DCC501,DCC501ZJ,Tile Cutter,Dustless Cutter LXT,18V LXT • 125 mm • BL • AWS,,https://makita.co.tz/product/dustless-cutter-lxt-dcc501zj/
Concrete & Demolition Power Tools,wall-chasers-tile-cutters,Tile Cutter,Corded,4100,4100NH,Tile Cutter,Tile Cutter,1 300 W • 110 mm • 13 000 min⁻¹,,https://makita.co.tz/product/tile-cutter-4100nh/
Concrete & Demolition Power Tools,wall-chasers-tile-cutters,Angle Cutter,Corded,4112,4112HS,Tile Cutter,Angle Cutter,2 400 W • 305 mm • 5 000 min⁻¹,,https://makita.co.tz/product/angle-cutter-4112hs/
Concrete & Demolition Power Tools,wall-chasers-tile-cutters,Wall Chaser,Corded,SG1251,SG1251J,Wall Chaser,Wall Chaser,1 400 W • 125 mm • 6 – 30 mm,,https://makita.co.tz/product/wall-chaser-sg1251j/
Concrete & Demolition Power Tools,wall-chasers-tile-cutters,Wall Chaser,Corded,SG150,SG150,Wall Chaser,Wall Chaser,1 800 W • 150 mm • 7 – 35 mm,,https://makita.co.tz/product/wall-chaser-sg150/
Metalworking Power Tools,metal-cutters-cut-off-saws,Aluminium Groove Cutter,Corded,CA5000,CA5000XJ,Aluminium Groove Cutter,Aluminium Groove Cutter,1 300 W • 118 mm • 2 200 – 6,,https://makita.co.tz/product/aluminium-groove-cutter-ca5000xj/
Metalworking Power Tools,angle-grinders,Angle Grinder LXT,Cordless 18V LXT,DGA452,DGA452RTJ,Angle Grinder,Angle Grinder LXT,18V LXT • 115 mm • 11 000 min⁻¹,Brushed motor,https://makita.co.tz/product/angle-grinder-lxt-dga452rtj/
Metalworking Power Tools,angle-grinders,Angle Grinder LXT,Cordless 18V LXT,DGA452,DGA452Z,Angle Grinder,Angel Grinder LXT,18V LXT • 115 mm • 11 000 min⁻¹,Brushed motor,https://makita.co.tz/product/angel-grinder-lxt-dga452z/
Metalworking Power Tools,angle-grinders,Angle Grinder LXT,Cordless 18V LXT,DGA454,DGA454RFJ,Angle Grinder,Angle Grinder LXT,18V LXT • 115 mm • 11 000 min⁻¹,Brushless motor,https://makita.co.tz/product/angle-grinder-lxt-dga454rfj/
Metalworking Power Tools,angle-grinders,Angle Grinder LXT,Cordless 18V LXT,DGA454,DGA454RTJ,Angle Grinder,Angle Grinder LXT,18V LXT • 115 mm • 11 000 min⁻¹,Brushless motor,https://makita.co.tz/product/angle-grinder-lxt-dga454rtj/
Metalworking Power Tools,angle-grinders,Angle Grinder LXT,Cordless 18V LXT,DGA454,DGA454Z,Angle Grinder,Angle Grinder LXT,18V LXT • 115 mm • 11 000 min⁻¹,Brushless motor,https://makita.co.tz/product/angle-grinder-lxt-dga454z/
Metalworking Power Tools,angle-grinders,Angle Grinder LXT,Cordless 18V LXT,DGA455,DGA455RFJ,Angle Grinder,Angle Grinder LXT,18V LXT • 115 mm • 8 500 min⁻¹,"Brushless, paddle switch (difference from DGA458 not stated)",https://makita.co.tz/product/angle-grinder-lxt-dga455rfj/
Metalworking Power Tools,angle-grinders,Angle Grinder LXT,Cordless 18V LXT,DGA455,DGA455RTJ,Angle Grinder,Angle Grinder LXT,18V LXT • 115 mm • 8 500 min⁻¹,"Brushless, paddle switch (difference from DGA458 not stated)",https://makita.co.tz/product/angle-grinder-lxt-dga455rtj/
Metalworking Power Tools,angle-grinders,Angle Grinder LXT,Cordless 18V LXT,DGA456,DGA456Z,Angle Grinder,Angle Grinder LXT,18V LXT • 115 mm • 8 500 min⁻¹,Brushed motor,https://makita.co.tz/product/angle-grinder-lxt-dga456z/
Metalworking Power Tools,angle-grinders,Angle Grinder LXT,Cordless 18V LXT,DGA458,DGA458Z,Angle Grinder,Angle Grinder LXT,18V LXT • 115 mm • 8 500 min⁻¹,"Brushless, paddle switch (difference from DGA455 not stated)",https://makita.co.tz/product/angle-grinder-lxt-dga458z/
Metalworking Power Tools,angle-grinders,Angle Grinder LXT,Cordless 18V LXT,DGA469,DGA469Z,Angle Grinder,Angle Grinder LXT,"18V LXT • 115 mm • 3,000 – 8,500 min⁻¹",,https://makita.co.tz/product/angle-grinder-lxt-dga469z/
Metalworking Power Tools,angle-grinders,Angle Grinder LXT,Cordless 18V LXT,DGA519,DGA519Z,Angle Grinder,Angle Grinder LXT,18V LXT • 125 mm • 3 000 – 8,,https://makita.co.tz/product/angle-grinder-lxt-dga519z/
Metalworking Power Tools,angle-grinders,Angle Grinder LXT,Cordless 18V LXT,DGA700,DGA700ZK,Angle Grinder,Angle Grinder LXT,36V (18Vx2) LXT • 180 mm • 7 800 min⁻¹,Standard,https://makita.co.tz/product/angle-grinder-lxt-dga700zk/
Metalworking Power Tools,angle-grinders,Angle Grinder LXT,Cordless 18V LXT,DGA701,DGA701ZKU,Angle Grinder,Angle Grinder LXT,36V (18Vx2) LXT • 180 mm • 7 800 min⁻¹,Adds AWS wireless dust-extractor start,https://makita.co.tz/product/angle-grinder-lxt-dga701zku/
Metalworking Power Tools,angle-grinders,Angle Grinder LXT,Cordless 18V LXT,DGA900,DGA900ZK,Angle Grinder,Angle Grinder LXT,36V (18Vx2) LXT • 6 000 minˉ¹ • 230 mm,,https://makita.co.tz/product/angle-grinder-lxt-dga900zk/
Metalworking Power Tools,angle-grinders,Angle Grinder LXT,Cordless 18V LXT,DGA901,DGA901ZKU1,Angle Grinder,Angle Grinder LXT,36V (18Vx2) LXT • 230 mm • 6 000 min-1,,https://makita.co.tz/product/angle-grinder-lxt-dga901zku1/
Metalworking Power Tools,angle-grinders,Angle Grinder XGT,Cordless 40V XGT,GA004G,GA004GM202,Angle Grinder,Angle Grinder XGT,40V MAX XGT • 115 mm • 8 500 min⁻¹,"Standard: slide switch, AFT",https://makita.co.tz/product/angle-grinder-xgt-ga004gm202/
Metalworking Power Tools,angle-grinders,Angle Grinder XGT,Cordless 40V XGT,GA004G,GA004GZ02,Angle Grinder,Angle Grinder XGT,40V MAX XGT • 115 mm • 8 500 min⁻¹,"Standard: slide switch, AFT",https://makita.co.tz/product/angle-grinder-xgt-ga004gz02/
Metalworking Power Tools,angle-grinders,Angle Grinder XGT,Cordless 40V XGT,GA005G,GA005GM203,Angle Grinder,Angle Grinder XGT,40V MAX XGT • 125 mm • 8 500 min⁻¹,"Standard: slide switch, AFT",https://makita.co.tz/product/angle-grinder-xgt-ga005gm203/
Metalworking Power Tools,angle-grinders,Angle Grinder XGT,Cordless 40V XGT,GA005G,GA005GZ02,Angle Grinder,Angle Grinder XGT,40V MAX XGT • 125 mm • 8 500 min⁻¹,"Standard: slide switch, AFT",https://makita.co.tz/product/angle-grinder-xgt-ga005gz02/
Metalworking Power Tools,angle-grinders,Angle Grinder XGT,Cordless 40V XGT,GA012G,GA012GM202,Angle Grinder,Angle Grinder XGT,40V MAX XGT • 115 mm • 8 500 min⁻¹,Adds electronic brake (listing contradicts itself on switch type),https://makita.co.tz/product/angle-grinder-xgt-ga012gm202/
Metalworking Power Tools,angle-grinders,Angle Grinder XGT,Cordless 40V XGT,GA012G,GA012GZ02,Angle Grinder,Angle Grinder XGT,40V MAX XGT • 115 mm • 8 500 min⁻¹,Adds electronic brake (listing contradicts itself on switch type),https://makita.co.tz/product/angle-grinder-xgt-ga012gz02/
Metalworking Power Tools,angle-grinders,Angle Grinder XGT,Cordless 40V XGT,GA013G,GA013GM203,Angle Grinder,Angle Grinder XGT,40V MAX XGT • 125 mm • 8 500 min⁻¹,Paddle switch + electronic brake,https://makita.co.tz/product/angle-grinder-xgt-ga013gm203/
Metalworking Power Tools,angle-grinders,Angle Grinder XGT,Cordless 40V XGT,GA013G,GA013GZ02,Angle Grinder,Angle Grinder XGT,40V MAX XGT • 125 mm • 8 500 min⁻¹,Paddle switch + electronic brake,https://makita.co.tz/product/angle-grinder-xgt-ga013gz02/
Metalworking Power Tools,angle-grinders,Angle Grinder XGT,Cordless 40V XGT,GA022G,GA022GM101,Angle Grinder,Angle Grinder XGT,40V MAX XGT • 115 mm • 3 000 – 8,,https://makita.co.tz/product/angle-grinder-xgt-ga022gm101/
Metalworking Power Tools,angle-grinders,Angle Grinder XGT,Cordless 40V XGT,GA022G,GA022GM202,Angle Grinder,Angle Grinder XGT,40V MAX XGT • 115 mm • 3 000 – 8,,https://makita.co.tz/product/angle-grinder-xgt-ga022gm202/
Metalworking Power Tools,angle-grinders,Angle Grinder XGT,Cordless 40V XGT,GA022G,GA022GZ02,Angle Grinder,Angle Grinder XGT,40V MAX XGT • 115 mm • 3 000 – 8,,https://makita.co.tz/product/angle-grinder-xgt-ga022gz02/
Metalworking Power Tools,angle-grinders,Angle Grinder XGT,Cordless 40V XGT,GA023G,GA023GM203,Angle Grinder,Angle Grinder XGT,40V MAX XGT • 125 mm • 3 000 – 8,,https://makita.co.tz/product/angle-grinder-xgt-ga023gm203/
Metalworking Power Tools,angle-grinders,Angle Grinder XGT,Cordless 40V XGT,GA023G,GA023GZ02,Angle Grinder,Angle Grinder XGT,40V MAX XGT • 125 mm • 3 000 – 8,,https://makita.co.tz/product/angle-grinder-xgt-ga023gz02/
Metalworking Power Tools,angle-grinders,Angle Grinder XGT,Cordless 40V XGT,GA028G,GA028GM101,Angle Grinder,Angle Grinder XGT,40V MAX XGT • 115 mm • 8 500 min⁻¹,Brake + AWS + variable speed,https://makita.co.tz/product/angle-grinder-xgt-ga028gm101/
Metalworking Power Tools,angle-grinders,Angle Grinder XGT,Cordless 40V XGT,GA028G,GA028GM202,Angle Grinder,Angle Grinder XGT,40V MAX XGT • 115 mm • 8 500 min⁻¹,Brake + AWS + variable speed,https://makita.co.tz/product/angle-grinder-xgt-ga028gm202/
Metalworking Power Tools,angle-grinders,Angle Grinder XGT,Cordless 40V XGT,GA028G,GA028GZ02,Angle Grinder,Angle Grinder XGT,40V MAX XGT • 115 mm • 8 500 min⁻¹,Brake + AWS + variable speed,https://makita.co.tz/product/angle-grinder-xgt-ga028gz02/
Metalworking Power Tools,angle-grinders,Angle Grinder XGT,Cordless 40V XGT,GA029G,GA029GM203,Angle Grinder,Angle Grinder XGT,40V MAX XGT • 125 mm • 8 500 min⁻¹,Paddle switch + brake + AWS + variable speed,https://makita.co.tz/product/angle-grinder-xgt-ga029gm203/
Metalworking Power Tools,angle-grinders,Angle Grinder XGT,Cordless 40V XGT,GA029G,GA029GZ02,Angle Grinder,Angle Grinder XGT,40V MAX XGT • 125 mm • 8 500 min⁻¹,Paddle switch + brake + AWS + variable speed,https://makita.co.tz/product/angle-grinder-xgt-ga029gz02/
Metalworking Power Tools,angle-grinders,Angle Grinder XGT,Cordless 40V XGT,GA037G,GA037GM204,Angle Grinder,Angle Grinder XGT,40V MAX XGT • 180 mm • 7 800 min⁻¹,,https://makita.co.tz/product/angle-grinder-xgt-ga037gm204/
Metalworking Power Tools,angle-grinders,Angle Grinder XGT,Cordless 40V XGT,GA037G,GA037GZ06,Angle Grinder,Angle Grinder XGT,40V MAX XGT • 180 mm • 7 800 min⁻¹,,https://makita.co.tz/product/angle-grinder-xgt-ga037gz06/
Metalworking Power Tools,angle-grinders,Angle Grinder XGT,Cordless 40V XGT,GA038G,GA038GM204,Angle Grinder,Angle Grinder XGT,40V MAX XGT • 230 mm • 6 600 min⁻¹,,https://makita.co.tz/product/angle-grinder-xgt-ga038gm204/
Metalworking Power Tools,angle-grinders,Angle Grinder XGT,Cordless 40V XGT,GA038G,GA038GZ06,Angle Grinder,Angle Grinder XGT,40V MAX XGT • 230 mm • 6 600 min⁻¹,,https://makita.co.tz/product/angle-grinder-xgt-ga038gz06/
Metalworking Power Tools,angle-grinders,Angle Grinder XGT,Cordless 40V XGT,GA040G,GA040GM201,Angle Grinder,Angle Grinder XGT,40V MAX XGT • 115 mm,Slide switch + AWS + X-LOCK,https://makita.co.tz/product/angle-grinder-xgt-ga040gm201/
Metalworking Power Tools,angle-grinders,Angle Grinder XGT,Cordless 40V XGT,GA040G,GA040GZ,Angle Grinder,Angle Grinder XGT,40V MAX XGT • 115 mm • 8 500 min⁻¹ • X-lock,Slide switch + AWS + X-LOCK,https://makita.co.tz/product/angle-grinder-xgt-ga040gz/
Metalworking Power Tools,angle-grinders,Angle Grinder XGT,Cordless 40V XGT,GA041G,GA041GM201,Angle Grinder,Angle Grinder XGT,40V MAX XGT • 125 mm • 8 500 min⁻¹ • X-lock,Slide switch + AWS + X-LOCK,https://makita.co.tz/product/angle-grinder-xgt-ga041gm201/
Metalworking Power Tools,angle-grinders,Angle Grinder XGT,Cordless 40V XGT,GA041G,GA041GZ,Angle Grinder,Angle Grinder XGT,40V MAX XGT • 125 mm • 8 500 min⁻¹ • X-lock,Slide switch + AWS + X-LOCK,https://makita.co.tz/product/angle-grinder-xgt-ga041gz/
Metalworking Power Tools,angle-grinders,Angle Grinder XGT,Cordless 40V XGT,GA046G,GA046GM201,Angle Grinder,Angle Grinder XGT,40V MAX XGT • 115 mm • 8 500 min⁻¹ • X-lock,Paddle switch + brake + anti-restart + X-LOCK,https://makita.co.tz/product/angle-grinder-xgt-ga046gm201/
Metalworking Power Tools,angle-grinders,Angle Grinder XGT,Cordless 40V XGT,GA046G,GA046GZ,Angle Grinder,Angle Grinder XGT,40V MAX XGT • 115 mm • 8 500 min⁻¹ • X-lock,Paddle switch + brake + anti-restart + X-LOCK,https://makita.co.tz/product/angle-grinder-xgt-ga046gz/
Metalworking Power Tools,angle-grinders,Angle Grinder XGT,Cordless 40V XGT,GA047G,GA047GM201,Angle Grinder,Angle Grinder XGT,40V MAX XGT • 125 mm • 8 500 min⁻¹ • X-lock,Paddle switch + brake + anti-restart + X-LOCK,https://makita.co.tz/product/angle-grinder-xgt-ga047gm201/
Metalworking Power Tools,angle-grinders,Angle Grinder XGT,Cordless 40V XGT,GA047G,GA047GZ,Angle Grinder,Angle Grinder XGT,40V MAX XGT • 125 mm • 8 500 min⁻¹ • X-lock,Paddle switch + brake + anti-restart + X-LOCK,https://makita.co.tz/product/angle-grinder-xgt-ga047gz/
Metalworking Power Tools,angle-grinders,Angle Grinder XGT,Cordless 40V XGT,GA049G,GA049GT101,Angle Grinder,Angle Grinder XGT,40V MAX XGT • 115 mm • 11 000 min⁻¹,,https://makita.co.tz/product/angle-grinder-xgt-ga049gt101/
Metalworking Power Tools,angle-grinders,Angle Grinder XGT,Cordless 40V XGT,GA049G,GA049GZ,Angle Grinder,Angle Grinder XGT,40V MAX XGT • 115 mm • 11 000 min⁻¹,,https://makita.co.tz/product/angle-grinder-xgt-ga049gz/
Metalworking Power Tools,angle-grinders,Angle Grinder XGT,Cordless 40V XGT,GA050G,GA050GT101,Angle Grinder,Angle Grinder XGT,40V MAX XGT • 125 mm • 11 000 min⁻¹,,https://makita.co.tz/product/angle-grinder-xgt-ga050gt101/
Metalworking Power Tools,angle-grinders,Angle Grinder XGT,Cordless 40V XGT,GA050G,GA050GZ,Angle Grinder,Angle Grinder XGT,40V MAX XGT • 125 mm • 11 000 min⁻¹,,https://makita.co.tz/product/angle-grinder-xgt-ga050gz/
Metalworking Power Tools,angle-grinders,Angle Grinder,Corded,9015,9015B,Angle Grinder,Angle Grinder,1 050 W • 125 mm • 10 000 minˉ¹,"125 mm, large trigger switch",https://makita.co.tz/product/angle-grinder-9015b/
Metalworking Power Tools,angle-grinders,Angle Grinder,Corded,9553,9553HNG,Angle Grinder,Angle Grinder,710 W • 100 mm • 11 000 min⁻¹,,https://makita.co.tz/product/angle-grinder-9553hng/
Metalworking Power Tools,angle-grinders,Angle Grinder,Corded,9554,9554HNG,Angle Grinder,Angle Grinder,710 W • 115 mm • 10 000 min⁻¹,,https://makita.co.tz/product/angle-grinder-9554hng/
Metalworking Power Tools,angle-grinders,Angle Grinder,Corded,9555,9555HNG,Angle Grinder,Angle Grinder,710 W • 125 mm • 10 000 min⁻¹,,https://makita.co.tz/product/angle-grinder-9555hng/
Metalworking Power Tools,angle-grinders,Angle Grinder,Corded,9556,9556HNG,Angle Grinder,Angle Grinder,840 W • 100 mm • 11 000 minˉ¹,,https://makita.co.tz/product/angle-grinder-9556hng/
Metalworking Power Tools,angle-grinders,Angle Grinder,Corded,9556,9556HPG,Angle Grinder,Angle Grinder,840 W • 100 mm • 11 000 minˉ¹,,https://makita.co.tz/product/angle-grinder-9556hpg/
Metalworking Power Tools,angle-grinders,Angle Grinder,Corded,9557,9557HNG,Angle Grinder,Angle Grinder,840 W • 115 mm • 11 000 min⁻¹,,https://makita.co.tz/product/angle-grinder-9557hng/
Metalworking Power Tools,angle-grinders,Angle Grinder,Corded,9557,9557HPG,Angle Grinder,Angle Grinder,840 W • 115 mm • 11 000 min⁻¹,,https://makita.co.tz/product/angle-grinder-9557hpg/
Metalworking Power Tools,angle-grinders,Angle Grinder,Corded,9558,9558HNG,Angle Grinder,Angle Grinder,840 W • 125 mm • 11 000 min⁻¹,,https://makita.co.tz/product/angle-grinder-9558hng/
Metalworking Power Tools,angle-grinders,Angle Grinder,Corded,9558,9558HPG,Angle Grinder,Angle Grinder,840 W • 125 mm • 11 000 min⁻¹,,https://makita.co.tz/product/angle-grinder-9558hpg/
Metalworking Power Tools,angle-grinders,Angle Grinder,Corded,9561,9561CR,Angle Grinder,Angle Grinder,1 200 W • 115 mm • 12 000 min⁻¹,,https://makita.co.tz/product/angle-grinder-9561cr/
Metalworking Power Tools,angle-grinders,Angle Grinder,Corded,9562,9562CR,Angle Grinder,Angle Grinder,1 200 W • 125 mm • 12 000 min⁻¹,,https://makita.co.tz/product/angle-grinder-9562cr/
Metalworking Power Tools,angle-grinders,Angle Grinder,Corded,GA4040,GA4040CZ,Angle Grinder,Angle Grinder,1 400 W • 100 mm • 11 000 min⁻¹,,https://makita.co.tz/product/angle-grinder-ga4040cz/
Metalworking Power Tools,angle-grinders,Angle Grinder,Corded,GA4040,GA4040Z,Angle Grinder,Angle Grinder,1 100 W • 100 mm • 11 000 min⁻¹,,https://makita.co.tz/product/angle-grinder-ga4040z/
Metalworking Power Tools,angle-grinders,Angle Grinder,Corded,GA4050,GA4050,Angle Grinder,Angle Grinder,1 300 W • 100 mm • 11 000 min⁻¹,,https://makita.co.tz/product/angle-grinder-ga4050/
Metalworking Power Tools,angle-grinders,Angle Grinder,Corded,GA4530,GA4530,Angle Grinder,Angle Grinder,750 W • 115 mm • 11 000 min⁻¹,,https://makita.co.tz/product/angle-grinder-ga4530/
Metalworking Power Tools,angle-grinders,Angle Grinder,Corded,GA4540,GA4540CZ,Angle Grinder,Angle Grinder,1 400 W • 115 mm • 11 000 min⁻¹,,https://makita.co.tz/product/angle-grinder-ga4540cz/
Metalworking Power Tools,angle-grinders,Angle Grinder,Corded,GA4540,GA4540Z,Angle Grinder,Angle Grinder,1 100 W • 115 mm • 11 000 min⁻¹,,https://makita.co.tz/product/angle-grinder-ga4540z/
Metalworking Power Tools,angle-grinders,Angle Grinder,Corded,GA4550,GA4550,Angle Grinder,Angle Grinder,1 300 W • 115 mm • 11 000 min⁻¹,,https://makita.co.tz/product/angle-grinder-ga4550/
Metalworking Power Tools,angle-grinders,Angle Grinder,Corded,GA4550,GA4550R,Angle Grinder,Angle Grinder,1 300 W • 115 mm • 11 000 min⁻¹,,https://makita.co.tz/product/angle-grinder-ga4550r/
Metalworking Power Tools,angle-grinders,Angle Grinder,Corded,GA4591,GA4591,Angle Grinder,Angle Grinder,115 mm • 1 900 W • 11 500 minˉ¹,Slide switch (difference from GA4592 not stated),https://makita.co.tz/product/angle-grinder-ga4591/
Metalworking Power Tools,angle-grinders,Angle Grinder,Corded,GA4592,GA4592,Angle Grinder,Angle Grinder,115 mm • 1 900 W • 11 500 minˉ¹,Slide switch (difference from GA4591 not stated),https://makita.co.tz/product/angle-grinder-ga4592/
Metalworking Power Tools,angle-grinders,Angle Grinder,Corded,GA4594,GA4594,Angle Grinder,Angle Grinder,115 mm • 1 900 W • 11 500 minˉ¹,Paddle switch,https://makita.co.tz/product/angle-grinder-ga4594/
Metalworking Power Tools,angle-grinders,Angle Grinder,Corded,GA4595,GA4595,Angle Grinder,"Angle Grinder, 115 mm",1 900 W • 115 mm • 11 500 min⁻¹,,https://makita.co.tz/product/angle-grinder-115-mm-ga4595/
Metalworking Power Tools,angle-grinders,Angle Grinder,Corded,GA5010,GA5010,Angle Grinder,Angle Grinder,1 050 W • 125 mm • 12 000 minˉ¹,Standard trigger,https://makita.co.tz/product/angle-grinder-ga5010/
Metalworking Power Tools,angle-grinders,Angle Grinder,Corded,GA5011,GA5011,Angle Grinder,Angle Grinder,1 050 W • 125 mm • 12 000 minˉ¹,"Large trigger, slightly longer body",https://makita.co.tz/product/angle-grinder-ga5011/
Metalworking Power Tools,angle-grinders,Angle Grinder,Corded,GA5040,GA5040CZ,Angle Grinder,Angle Grinder,1 400 W • 125 mm • 11 000 min⁻¹,,https://makita.co.tz/product/angle-grinder-ga5040cz/
Metalworking Power Tools,angle-grinders,Angle Grinder,Corded,GA5040,GA5040Z,Angle Grinder,Angle Grinder,1 100 W • 125 mm • 11 000 minˉ¹,,https://makita.co.tz/product/angle-grinder-ga5040z/
Metalworking Power Tools,angle-grinders,Angle Grinder,Corded,GA5050,GA5050,Angle Grinder,Angle Grinder,1 300 W • 125 mm • 11 000 min⁻¹,,https://makita.co.tz/product/angle-grinder-ga5050/
Metalworking Power Tools,angle-grinders,Angle Grinder,Corded,GA5050,GA5050R,Angle Grinder,Angle Grinder,1 300 W • 125 mm • 11 000 min⁻¹,,https://makita.co.tz/product/angle-grinder-ga5050r/
Metalworking Power Tools,angle-grinders,Angle Grinder,Corded,GA5080,GA5080R,Angle Grinder,Angle Grinder (X Lock),"1,400 W • 125 mm • 12,000 min⁻¹",,https://makita.co.tz/product/angle-grinder-x-lock-ga5080r/
Metalworking Power Tools,angle-grinders,Angle Grinder,Corded,GA5091,GA5091,Angle Grinder,Angle Grinder 125 mm,1 900 W • 125 mm • 2 800 – 11,"Slide switch, SJS II, AFT, brake, soft start",https://makita.co.tz/product/angle-grinder-125-mm-ga5091/
Metalworking Power Tools,angle-grinders,Angle Grinder,Corded,GA5092,GA5092,Angle Grinder,Angle Grinder 125 mm,1 900 W • 125 mm • 11 500 min⁻¹,"Slide switch, adjustable speed",https://makita.co.tz/product/angle-grinder-125-mm-ga5092/
Metalworking Power Tools,angle-grinders,Angle Grinder,Corded,GA5094,GA5094,Angle Grinder,Angle Grinder 125 mm,1 900 W • 125 mm • 2 800 – 11,Paddle (safety) switch,https://makita.co.tz/product/angle-grinder-125-mm-ga5094/
Metalworking Power Tools,angle-grinders,Angle Grinder,Corded,GA5095,GA5095,Angle Grinder,Angle Grinder 125 mm,1 900 W • 125 mm • 11 500 min⁻¹,Paddle (safety) switch,https://makita.co.tz/product/angle-grinder-125-mm-ga5095/
Metalworking Power Tools,angle-grinders,Angle Grinder,Corded,GA6010,GA6010,Angle Grinder,Angle Grinder,1 050 W • 150 mm • 10 000 min⁻¹,"150 mm, paddle switch (corrected: makita.co.tz lists 125 mm)",https://makita.co.tz/product/angle-grinder-ga6010/
Metalworking Power Tools,angle-grinders,Angle Grinder,Corded,GA7040,GA7040S,Angle Grinder,Angle Grinder,2 600 W • 180 mm • 8 500 min⁻¹,,https://makita.co.tz/product/angle-grinder-ga7040s/
Metalworking Power Tools,angle-grinders,Angle Grinder,Corded,GA7050,GA7050,Angle Grinder,Angle Grinder,2 000 W • 180 mm • 8 500 min⁻¹,,https://makita.co.tz/product/angle-grinder-ga7050/
Metalworking Power Tools,angle-grinders,Angle Grinder,Corded,GA7062,GA7062,Angle Grinder,Angle Grinder,2 200 W • 180 mm • 8 500 min⁻¹,"Newer generation; anti-restart, D-handle",https://makita.co.tz/product/angle-grinder-ga7062/
Metalworking Power Tools,angle-grinders,Angle Grinder,Corded,GA7063,GA7063,Angle Grinder,Angle Grinder,2 200 W • 180 mm • 8 500 min⁻¹,Newer generation,https://makita.co.tz/product/angle-grinder-ga7063/
Metalworking Power Tools,angle-grinders,Angle Grinder,Corded,GA7070,GA7070,Angle Grinder,Angle grinder,180 mm • 6 600 min⁻¹ • 2800 W,,https://makita.co.tz/product/angle-grinder-ga7070/
Metalworking Power Tools,angle-grinders,Angle Grinder,Corded,GA7080,GA7080,Angle Grinder,Angle grinder,180 mm • 6600 min⁻¹ • 2700 W,,https://makita.co.tz/product/angle-grinder-ga7080/
Metalworking Power Tools,angle-grinders,Angle Grinder,Corded,GA9030,GA9030,Angle Grinder,Angle Grinder,2 400 W • 230 mm • 6 600 min⁻¹,,https://makita.co.tz/product/angle-grinder-ga9030/
Metalworking Power Tools,angle-grinders,Angle Grinder,Corded,GA9040,GA9040S,Angle Grinder,Angle grinder,2 600 W • 230 mm • 6 600 minˉ¹ 230,,https://makita.co.tz/product/angle-grinder-ga9040s/
Metalworking Power Tools,angle-grinders,Angle Grinder,Corded,GA9062,GA9062,Angle Grinder,Angle Grinder,2 200 W • 230 mm • 6 600 min⁻¹,"Newer generation, 2 200 W",https://makita.co.tz/product/angle-grinder-ga9062/
Metalworking Power Tools,angle-grinders,Angle Grinder,Corded,GA9070,GA9070,Angle Grinder,Angle grinder,230 mm • 6 600 min⁻¹ • 2800 W,,https://makita.co.tz/product/angle-grinder-ga9070/
Metalworking Power Tools,angle-grinders,Angle Grinder,Corded,GA9080,GA9080,Angle Grinder,Angle grinder,230 mm • 6600 min⁻¹ • 2700 W,,https://makita.co.tz/product/angle-grinder-ga9080/
Metalworking Power Tools,sanders-polishers,Angle Sander,Corded,SA7000,SA7000C,Angle Sander,Angle Sander,1 600 W • 180 mm,,https://makita.co.tz/product/angle-sander-sa7000c/
Metalworking Power Tools,sanders-polishers,Angle Sander,Corded,SA7021,SA7021,Angle Sander,Angle Sander,2 200 W • 180 mm,,https://makita.co.tz/product/angle-sander-sa7021/
Metalworking Power Tools,die-straight-bench-grinders,Bench Grinder,Corded,GB602,GB602,Bench Grinder,Bench Grinder,250 W • 150 mm,,https://makita.co.tz/product/bench-grinder-gb602/
Metalworking Power Tools,die-straight-bench-grinders,Bench Grinder,Corded,GB801,GB801,Bench Grinder,Bench Grinder,550 W • 205 mm,,https://makita.co.tz/product/bench-grinder-gb801/
Concrete & Demolition Power Tools,concrete-planers-power-scrapers,Concrete Planer,Corded,PC5000,PC5000C,Concrete Planer,Concrete Planer,1 400 W • 125 mm • 10 000 min⁻¹,Standard,https://makita.co.tz/product/concrete-planer-pc5000c/
Concrete & Demolition Power Tools,concrete-planers-power-scrapers,Concrete Planer,Corded,PC5001,PC5001C,Concrete Planer,Concrete Planer,1 400 W • 125 mm • 10 000 min⁻¹,Includes aluminium support,https://makita.co.tz/product/concrete-planer-pc5001c/
Concrete & Demolition Power Tools,concrete-planers-power-scrapers,Concrete Planer,Corded,PC5010,PC5010C,Concrete Planer,Concrete Planer,• 1400 W • 125 mm • 9000 min⁻¹ 125mm AC,,https://makita.co.tz/product/concrete-planer-pc5010c/
Metalworking Power Tools,die-straight-bench-grinders,Die Grinder LXT,Cordless 18V LXT,DGD800,DGD800Z,Die Grinder,Die Grinder LXT,18V LXT • 26 000 min⁻¹ • 8 mm,,https://makita.co.tz/product/die-grinder-lxt-dgd800z/
Metalworking Power Tools,die-straight-bench-grinders,Die Grinder,Corded,906,906H,Die Grinder,Die Grinder,290 W • 6 mm • 25 000 minˉ¹,,https://makita.co.tz/product/die-grinder-906h/
Metalworking Power Tools,die-straight-bench-grinders,Die Grinder,Corded,GD0600,GD0600,Die Grinder,Die Grinder,400 W • 25 000 min⁻¹ • 6 mm,Paddle (dead-man) switch,https://makita.co.tz/product/die-grinder-gd0600/
Metalworking Power Tools,die-straight-bench-grinders,Die Grinder,Corded,GD0602,GD0602,Die Grinder,Die Grinder,400 W • 25 000 min⁻¹ • 6 mm,Slide switch with lock-on,https://makita.co.tz/product/die-grinder-gd0602/
Metalworking Power Tools,die-straight-bench-grinders,Die Grinder,Corded,GD0603,GD0603,Die Grinder,Die Grinder,240 W • 28 000 min⁻¹ • 6 mm,,https://makita.co.tz/product/die-grinder-gd0603/
Metalworking Power Tools,die-straight-bench-grinders,Die Grinder,Corded,GD0800,GD0800C,Die Grinder,Die Grinder,750 W • 7 000 – 28 000 min⁻¹ • 8 mm,,https://makita.co.tz/product/die-grinder-gd0800c/
Metalworking Power Tools,die-straight-bench-grinders,Die Grinder,Corded,GD0801,GD0801C,Die Grinder,Die Grinder,750 W • 7 000 – 29 000 min⁻¹ • 6 mm,,https://makita.co.tz/product/die-grinder-gd0801c/
Metalworking Power Tools,die-straight-bench-grinders,Die Grinder,Corded,GD0810,GD0810C,Die Grinder,Die Grinder,750 W • 1 800 – 7 000 min⁻¹ • 6 mm,,https://makita.co.tz/product/die-grinder-gd0810c/
Metalworking Power Tools,die-straight-bench-grinders,Die Grinder,Corded,GD0811,GD0811C,Die Grinder,Die Grinder,750 W • 1 800 – 7 000 min⁻¹ • 8 mm,,https://makita.co.tz/product/die-grinder-gd0811c/
Metalworking Power Tools,sanders-polishers,Disc Sander,Corded,9218,9218SB,Disc Sander,Disc Sander,570 W • 180 mm • 4 500 minˉ¹,,https://makita.co.tz/product/disc-sander-9218sb/
Metalworking Power Tools,sanders-polishers,Disc Sander,Corded,GV6010,GV6010,Disc Sander,Disc Sander,440 W • 150 mm • 4 500 minˉ¹,,https://makita.co.tz/product/disc-sander-gv6010/
Metalworking Power Tools,sanders-polishers,Disc Sander,Corded,GV7000,GV7000C,Disc Sander,Disc Sander,900 W • 180 mm • 0 – 4 700,,https://makita.co.tz/product/disc-sander-gv7000c/
Metalworking Power Tools,shears-nibblers-punchers,Hole Puncher LXT,Cordless 18V LXT,DPP200,DPP200ZK,Hole Puncher,Hole Puncher LXT,18V LXT • Ø 6-20 mm,,https://makita.co.tz/product/hole-puncher-lxt-dpp200zk/
Metalworking Power Tools,metal-cutters-cut-off-saws,Metal Cutter LXT,Cordless 18V LXT,DCS553,DCS553Z,Metal Cutter,Metal Cutter LXT,18V LXT • 150 mm • 4 200 min⁻¹,,https://makita.co.tz/product/metal-cutter-lxt-dcs553z/
Metalworking Power Tools,metal-cutters-cut-off-saws,Compact Cut-off LXT,Cordless 18V LXT,DMC300,DMC300RTJ,Metal Cutter,Compact Cut-off LXT,18V LXT • 76 mm • 20 000 min⁻¹,,https://makita.co.tz/product/compact-cut-off-lxt-dmc300rtj/
Metalworking Power Tools,metal-cutters-cut-off-saws,Compact Cut-off LXT,Cordless 18V LXT,DMC300,DMC300Z,Metal Cutter,Compact Cut-off LXT,18V LXT • 76 mm • 20 000 min⁻¹,,https://makita.co.tz/product/compact-cut-off-lxt-dmc300z/
Metalworking Power Tools,metal-cutters-cut-off-saws,Metal Cutter XGT,Cordless 40V XGT,CS002G,CS002GZ,Metal Cutter,Metal Cutter XGT,40V MAX XGT • BL Motor • 185mm • XPT • AFT,,https://makita.co.tz/product/metal-cutter-xgt-cs002gz/
Metalworking Power Tools,metal-cutters-cut-off-saws,Metal Cutter,Corded,4131,4131,Metal Cutter,Metal Cutter,1 100 W • 185 mm • 3 500 min⁻¹,,https://makita.co.tz/product/metal-cutter-4131/
Metalworking Power Tools,metal-cutters-cut-off-saws,Metal Cutting Saw,Corded,LC1230,LC1230N,Metal Cutter,Metal Cutting Saw,1 750 W • 305 mm • 1 300 min⁻¹,,https://makita.co.tz/product/metal-cutting-saw-lc1230n/
Metalworking Power Tools,shears-nibblers-punchers,Nibbler LXT,Cordless 18V LXT,DJN161,DJN161RFE,Nibbler,Nibbler LXT,18V LXT • 1 900 min⁻¹,,https://makita.co.tz/product/nibbler-lxt-djn161rfe/
Metalworking Power Tools,shears-nibblers-punchers,Nibbler,Corded,JN1601,JN1601,Nibbler,Nibbler,550 W • 2 200 min⁻¹,,https://makita.co.tz/product/nibbler-jn1601/
Metalworking Power Tools,shears-nibblers-punchers,Nibbler,Corded,JN3201,JN3201,Nibbler,Nibbler,710 W • 1 300 min⁻¹,,https://makita.co.tz/product/nibbler-jn3201/
Metalworking Power Tools,sanders-polishers,Sander Polisher CXT,Cordless 12V CXT,PV301D,PV301DZ,Polisher,"Sander Polisher CXT, 12V",12V MAX •BL • XPT,,https://makita.co.tz/product/sander-polisher-cxt-12v-pv301dz/
Metalworking Power Tools,sanders-polishers,Random Orbit Polisher LXT,Cordless 18V LXT,DPO600,DPO600RTE,Polisher,Random Orbit Polisher LXT,18V LXT • 780 min⁻¹ • 150 mm,,https://makita.co.tz/product/random-orbit-polisher-lxt-dpo600rte/
Metalworking Power Tools,sanders-polishers,Random Orbit Polisher LXT,Cordless 18V LXT,DPO600,DPO600Z,Polisher,Random Orbit Polisher LXT,18V LXT • 780 min⁻¹ • 150 mm,,https://makita.co.tz/product/random-orbit-polisher-lxt-dpo600z/
Metalworking Power Tools,sanders-polishers,Sander Polisher LXT,Cordless 18V LXT,DPV300,DPV300RTJ,Polisher,Sander polisher LXT,•18V LXT •BL • XPT,,https://makita.co.tz/product/sander-polisher-lxt-dpv300rtj/
Metalworking Power Tools,sanders-polishers,Sander Polisher LXT,Cordless 18V LXT,DPV300,DPV300Z,Polisher,Sander polisher LXT,•18V LXT •BL • XPT,,https://makita.co.tz/product/sander-polisher-lxt-dpv300z/
Metalworking Power Tools,sanders-polishers,Polisher XGT,Cordless 40V XGT,PV001G,PV001GM101,Polisher,Polisher XGT,40V MAX XGT • 180 mm • 0 – 2 200,,https://makita.co.tz/product/polisher-xgt-pv001gm101/
Metalworking Power Tools,sanders-polishers,Polisher XGT,Cordless 40V XGT,PV001G,PV001GZ,Polisher,Polisher XGT,40V MAX XGT • 180 mm • 0 – 2 200,,https://makita.co.tz/product/polisher-xgt-pv001gz/
Metalworking Power Tools,sanders-polishers,Sander Polisher,Corded,9207,9207SPB,Polisher,Sander-Polisher,700 W • 180 mm • 2 000 / 3,,https://makita.co.tz/product/sander-polisher-9207spb/
Metalworking Power Tools,sanders-polishers,Polisher,Corded,9237,9237CB,Polisher,Polisher,1 200 W • 180 mm • 0 – 3 200,,https://makita.co.tz/product/polisher-9237cb/
Metalworking Power Tools,sanders-polishers,Polisher,Corded,PO6000,PO6000C,Polisher,Polisher,900 W • 150 mm • 0 – 780 min⁻¹,,https://makita.co.tz/product/polisher-po6000c/
Metalworking Power Tools,sanders-polishers,Polisher,Corded,PV7000,PV7000C,Polisher,Polisher,900 W • 180 mm • 600 – 2 100,,https://makita.co.tz/product/polisher-pv7000c/
Metalworking Power Tools,portable-band-saws,Portable Band Saw LXT,Cordless 18V LXT,DPB180,DPB180Z,Portable Band Saw,Portable Band Saw LXT,"18V LXT • 120 mm • 1,4 – 2,7 m/s",,https://makita.co.tz/product/portable-band-saw-lxt-dpb180z/
Metalworking Power Tools,portable-band-saws,Portable Band Saw LXT,Cordless 18V LXT,DPB183,DPB183Z,Portable Band Saw,Portable Band Saw LXT,18V LXT • 66 mm • 0 – 3.2 m/s,,https://makita.co.tz/product/portable-band-saw-lxt-dpb183z/
Metalworking Power Tools,portable-band-saws,Portable Band Saw XGT,Cordless 40V XGT,PB002G,PB002GM201,Portable Band Saw,Portable Bandsaw XGT,"40V MAX XGT • 127 mm • 0 – 3,2 m/s",,https://makita.co.tz/product/portable-bandsaw-xgt-pb002gm201/
Metalworking Power Tools,portable-band-saws,Portable Band Saw XGT,Cordless 40V XGT,PB002G,PB002GZ,Portable Band Saw,Portable Bandsaw XGT,"40V MAX XGT • 127 mm • 0 – 3,2 m/s",,https://makita.co.tz/product/portable-bandsaw-xgt-pb002gz/
Metalworking Power Tools,portable-band-saws,Portable Band Saw,Corded,2107,2107FK,Portable Band Saw,Portable Band Saw,"710 W • 120 mm • 1 – 1,7 m/s",,https://makita.co.tz/product/portable-band-saw-2107fk/
Metalworking Power Tools,metal-cutters-cut-off-saws,Portable Cut-off,Corded,2414,2414,Portable Cut-off,Portable Cut-off,1 450 W • 355 mm • 3 800 min⁻¹ A,,https://makita.co.tz/product/portable-cut-off-2414/
Metalworking Power Tools,metal-cutters-cut-off-saws,Portable Cut-off,Corded,2414,2414B,Portable Cut-off,Portable Cut-off,220V: 2 000 W • 127V: 1 650 W • 355 mm • 3 800 minˉ¹,,https://makita.co.tz/product/portable-cut-off-2414b/
Metalworking Power Tools,metal-cutters-cut-off-saws,Portable Cut-off,Corded,2416,2416S,Portable Cut-off,Portable Cut-Off,1 430 W • 405 mm • 2 300 min⁻¹,,https://makita.co.tz/product/portable-cut-off-2416s/
Metalworking Power Tools,metal-cutters-cut-off-saws,Portable Cut-off,Corded,LW1400,LW1400,Portable Cut-off,Portable Cut-off,2 200 W • 355 mm • 3 800 min⁻¹,Tool-less wheel change and guide adjustment,https://makita.co.tz/product/portable-cut-off-lw1400/
Metalworking Power Tools,metal-cutters-cut-off-saws,Portable Cut-off,Corded,LW1401,LW1401,Portable Cut-off,Portable Cut-Off,2 200 W • 355 mm • 3 800 min⁻¹,Basic version; wrench for wheel changes,https://makita.co.tz/product/portable-cut-off-lw1401/
Metalworking Power Tools,shears-nibblers-punchers,Metal Shear LXT,Cordless 18V LXT,DJS101,DJS101RTJ,Shear,Metal Shear LXT,18V LXT • 4 300 min-1,,https://makita.co.tz/product/metal-shear-lxt-djs101rtj/
Metalworking Power Tools,shears-nibblers-punchers,Metal Shear LXT,Cordless 18V LXT,DJS101,DJS101Z,Shear,Metal Shear LXT,18V LXT • 4 300 min⁻¹,,https://makita.co.tz/product/metal-shear-lxt-djs101z/
Metalworking Power Tools,shears-nibblers-punchers,Metal Shear LXT,Cordless 18V LXT,DJS131,DJS131Z,Shear,Cordless Metal Shear LXT,18V LXT • 1.3 mm (Offset) • BL,,https://makita.co.tz/product/cordless-metal-shear-lxt-djs131z/
Metalworking Power Tools,shears-nibblers-punchers,Metal Shear LXT,Cordless 18V LXT,DJS200,DJS200Z,Shear,Cordless Metal Shear LXT,18V LXT • 2.0 mm • BL,,https://makita.co.tz/product/cordless-metal-shear-lxt-djs200z/
Metalworking Power Tools,shears-nibblers-punchers,Cement Shear LXT,Cordless 18V LXT,DJS800,DJS800Z,Shear,Cordless Cement Shear LXT,18V LXT • 13 mm • BL,,https://makita.co.tz/product/cordless-cement-shear-lxt-djs800z/
Metalworking Power Tools,shears-nibblers-punchers,Metal Shear,Corded,JS1601,JS1601,Shear,Metal Shear,380 W • 4 500 min⁻¹ A,,https://makita.co.tz/product/metal-shear-js1601/
Metalworking Power Tools,shears-nibblers-punchers,Metal Shear,Corded,JS1602,JS1602,Shear,Metal Shear,380 W • 4 000 min⁻¹,,https://makita.co.tz/product/metal-shear-js1602/
Metalworking Power Tools,shears-nibblers-punchers,Metal Shear,Corded,JS3201,JS3201,Shear,Metal Shear,710 W • 1 600 min⁻¹,,https://makita.co.tz/product/metal-shear-js3201/
Metalworking Power Tools,rod-cutters,Steel Rod Cutter LXT,Cordless 18V LXT,DSC163,DSC163ZK,Steel Rod Cutter,Steel Rod Cutter LXT,18V LXT • 3 – 16 mm,,https://makita.co.tz/product/steel-rod-cutter-lxt-dsc163zk/
Metalworking Power Tools,rod-cutters,Steel Rod Cutter LXT,Cordless 18V LXT,DSC251,DSC251ZK,Steel Rod Cutter,Steel Rod Cutter LXT,18V LXT • 10 – 25 mm • 2 200 min⁻¹,,https://makita.co.tz/product/steel-rod-cutter-lxt-dsc251zk/
Metalworking Power Tools,die-straight-bench-grinders,Straight Grinder,Corded,GS5000,GS5000,Straight Grinder,Straight Grinder,750 W • 125 mm • 5 600 min⁻¹,,https://makita.co.tz/product/straight-grinder-gs5000/
Metalworking Power Tools,die-straight-bench-grinders,Straight Grinder,Corded,GS6000,GS6000,Straight Grinder,Straight Grinder,750 W • 150 mm • 5 600 min⁻¹,,https://makita.co.tz/product/straight-grinder-gs6000/
Metalworking Power Tools,rod-cutters,Threaded Rod Cutter CXT,Cordless 12V CXT,SC103D,SC103DZJ,Threaded Rod Cutter,Threaded Rod Cutter CXT,12V MAX • M6 – M10 mm,,https://makita.co.tz/product/threaded-rod-cutter-cxt-sc103dzj/
Metalworking Power Tools,rod-cutters,Threaded Rod Cutter LXT,Cordless 18V LXT,DSC102,DSC102ZJ,Threaded Rod Cutter,Threaded Rod Cutter LXT,18V LXT • M6 – M10,,https://makita.co.tz/product/threaded-rod-cutter-lxt-dsc102zj/
