family,main_product,platform,sizes_and_versions,all_model_codes
rotary-combination-hammers,Combination Hammer LXT,Cordless 18V LXT,7,DHR182ZWJU DHR202RFJ DHR202RTJ DHR242RFJ DHR242RTJ DHR242Z DHR263RF2 DHR263Z DHR280PT2J DHR280ZJ DHR281PT2J DHR281ZJ DHR283ZJ
rotary-combination-hammers,Combination Hammer XGT,Cordless 40V XGT,5,HR002GM201 HR002GZ01 HR003GM201 HR003GZ01 HR007GM201 HR007GZ HR007GZ01 HR008GM201 HR008GZ01 HR010GD201 HR010GZ
rotary-combination-hammers,Combination Hammer,Corded,10,HR2475 HR2600 HR2611F HR2630 HR2630T HR2631F HR2631FT HR2661 HR2810 HR3200C HR3210C HR3541FC
demolition-hammers-breakers,Demolition Hammer XGT,Cordless 40V XGT,2,HM001GM202 HM001GZ HM002GZ03
demolition-hammers-breakers,Electric Breaker XGT,Cordless 40V XGT,1,HM004GZ01
demolition-hammers-breakers,Demolition Hammer,Corded,11,HM0810T HM0870C HM0871C HM1101C HM1111C HM1201 HM1203C HM1213C HM1214C HM1307C HM1317C
demolition-hammers-breakers,Electric Breaker,Corded,3,HM1511 HM1802 HM1812
power-cutters,Power Cutter LXT,Cordless 18V LXT,1,DCE090P2X1 DCE090ZX1
power-cutters,Power Cutter XGT,Cordless 40V XGT,2,CE001GZ CE002GZ
power-cutters,Power Cutter,Petrol,3,EK7301WS EK7651HX1 EK8100WS
concrete-planers-power-scrapers,Power Scraper LXT,Cordless 18V LXT,1,DHK180ZJ
concrete-planers-power-scrapers,Power Scraper,Corded,1,HK1820
rotary-combination-hammers,Rotary Hammer LXT,Cordless 18V LXT,3,DHR171RFJ DHR171Z DHR183RTWJ DHR183Z DHR400ZKUN
rotary-combination-hammers,Rotary Hammer XGT,Cordless 40V XGT,2,HR005GZ01 HR006GZ
rotary-combination-hammers,Rotary Hammer,Corded,16,HR1841FJ HR2010 HR2020 HR2630X7 HR2663 HR3011FCWJ HR3012FCWJ HR3540C HR4001C HR4003C HR4013C HR4030C HR4501C HR4511C HR5202C HR5212C
wall-chasers-tile-cutters,Cutter CXT,Cordless 12V CXT,1,CC301DWAE CC301DZ
wall-chasers-tile-cutters,Dustless Cutter LXT,Cordless 18V LXT,1,DCC501RTJ DCC501ZJ
wall-chasers-tile-cutters,Tile Cutter,Corded,1,4100NH
wall-chasers-tile-cutters,Angle Cutter,Corded,1,4112HS
wall-chasers-tile-cutters,Wall Chaser,Corded,2,SG1251J SG150
metal-cutters-cut-off-saws,Aluminium Groove Cutter,Corded,1,CA5000XJ
angle-grinders,Angle Grinder LXT,Cordless 18V LXT,11,DGA452RTJ DGA452Z DGA454RFJ DGA454RTJ DGA454Z DGA455RFJ DGA455RTJ DGA456Z DGA458Z DGA469Z DGA519Z DGA700ZK DGA701ZKU DGA900ZK DGA901ZKU1
angle-grinders,Angle Grinder XGT,Cordless 40V XGT,16,GA004GM202 GA004GZ02 GA005GM203 GA005GZ02 GA012GM202 GA012GZ02 GA013GM203 GA013GZ02 GA022GM101 GA022GM202 GA022GZ02 GA023GM203 GA023GZ02 GA028GM101 GA028GM202 GA028GZ02 GA029GM203 GA029GZ02 GA037GM204 GA037GZ06 GA038GM204 GA038GZ06 GA040GM201 GA040GZ GA041GM201 GA041GZ GA046GM201 GA046GZ GA047GM201 GA047GZ GA049GT101 GA049GZ GA050GT101 GA050GZ
angle-grinders,Angle Grinder,Corded,39,9015B 9553HNG 9554HNG 9555HNG 9556HNG 9556HPG 9557HNG 9557HPG 9558HNG 9558HPG 9561CR 9562CR GA4040CZ GA4040Z GA4050 GA4530 GA4540CZ GA4540Z GA4550 GA4550R GA4591 GA4592 GA4594 GA4595 GA5010 GA5011 GA5040CZ GA5040Z GA5050 GA5050R GA5080R GA5091 GA5092 GA5094 GA5095 GA6010 GA7040S GA7050 GA7062 GA7063 GA7070 GA7080 GA9030 GA9040S GA9062 GA9070 GA9080
sanders-polishers,Angle Sander,Corded,2,SA7000C SA7021
die-straight-bench-grinders,Bench Grinder,Corded,2,GB602 GB801
concrete-planers-power-scrapers,Concrete Planer,Corded,3,PC5000C PC5001C PC5010C
die-straight-bench-grinders,Die Grinder LXT,Cordless 18V LXT,1,DGD800Z
die-straight-bench-grinders,Die Grinder,Corded,8,906H GD0600 GD0602 GD0603 GD0800C GD0801C GD0810C GD0811C
sanders-polishers,Disc Sander,Corded,3,9218SB GV6010 GV7000C
shears-nibblers-punchers,Hole Puncher LXT,Cordless 18V LXT,1,DPP200ZK
metal-cutters-cut-off-saws,Metal Cutter LXT,Cordless 18V LXT,1,DCS553Z
metal-cutters-cut-off-saws,Compact Cut-off LXT,Cordless 18V LXT,1,DMC300RTJ DMC300Z
metal-cutters-cut-off-saws,Metal Cutter XGT,Cordless 40V XGT,1,CS002GZ
metal-cutters-cut-off-saws,Metal Cutter,Corded,1,4131
metal-cutters-cut-off-saws,Metal Cutting Saw,Corded,1,LC1230N
shears-nibblers-punchers,Nibbler LXT,Cordless 18V LXT,1,DJN161RFE
shears-nibblers-punchers,Nibbler,Corded,2,JN1601 JN3201
sanders-polishers,Sander Polisher CXT,Cordless 12V CXT,1,PV301DZ
sanders-polishers,Random Orbit Polisher LXT,Cordless 18V LXT,1,DPO600RTE DPO600Z
sanders-polishers,Sander Polisher LXT,Cordless 18V LXT,1,DPV300RTJ DPV300Z
sanders-polishers,Polisher XGT,Cordless 40V XGT,1,PV001GM101 PV001GZ
sanders-polishers,Sander Polisher,Corded,1,9207SPB
sanders-polishers,Polisher,Corded,3,9237CB PO6000C PV7000C
portable-band-saws,Portable Band Saw LXT,Cordless 18V LXT,2,DPB180Z DPB183Z
portable-band-saws,Portable Band Saw XGT,Cordless 40V XGT,1,PB002GM201 PB002GZ
portable-band-saws,Portable Band Saw,Corded,1,2107FK
metal-cutters-cut-off-saws,Portable Cut-off,Corded,4,2414 2414B 2416S LW1400 LW1401
shears-nibblers-punchers,Metal Shear LXT,Cordless 18V LXT,3,DJS101RTJ DJS101Z DJS131Z DJS200Z
shears-nibblers-punchers,Cement Shear LXT,Cordless 18V LXT,1,DJS800Z
shears-nibblers-punchers,Metal Shear,Corded,3,JS1601 JS1602 JS3201
rod-cutters,Steel Rod Cutter LXT,Cordless 18V LXT,2,DSC163ZK DSC251ZK
die-straight-bench-grinders,Straight Grinder,Corded,2,GS5000 GS6000
rod-cutters,Threaded Rod Cutter CXT,Cordless 12V CXT,1,SC103DZJ
rod-cutters,Threaded Rod Cutter LXT,Cordless 18V LXT,1,DSC102ZJ
